{
    "subm1" : "1.1 Ingresar nuevo registro",
    "subm2" : "1.2 Directorio de Instancias Representativas de Pueblos, Barrios y Comunidades Indígenas",
    "subm3" : "1.3 Directorio de Instancias Representativas, Organizaciones y Personas Relevantes de Pueblos y Comunidades Afromexicanas",
    "subm4" : "1.6 Reporte del número de instancias representativas",
    "subm5" : "1.7 Registro de lugares de mayor afluencia comunitaria",
    "subm6" : "1.8 Propuesta de lugares y espacios para asambleas comunitarias",
    "subm7" : "1.9 Reporte de la atención distrital a consultas",
    "subm8" : "1.10 Catálogo de instituciones y personas para acompañamiento",
    "subm9" : "1.11 Documentos normativos y técnicos (DEOEyG) para documentar las consultas Indigenas",
    "subm10" : "1.12 Documentos normativos y técnicos (DEOEyG) para documentar las consultas Afromexicanas",
    "direccion" : "Dirección Distrital: ",
    "csesion" : "Cerrar Sesión",
    
    "name": "Nombre Completo",
    "selectoral": "Seccion Electoral",
    "dem": "Demarcación",
    "duninominal": "Distrito Electoral Local Uninominal",
    "scomunidad": "Seleccionar comunidad",
    "ncomunidad": "Nombre de la comunidad",
    "ooriginario": "Pueblo Originario",
    "pueblo": "Pueblo",
    "barrio": "Barrio",
    "uterritorial": "Unidad Territorial",
    "otro": "Otro",
    "comunidad": "Comunidad",
    "organizacion": "Organización",
    "prelevante": "Persona Relevante",
    "docs": "Documentos",
    "ninstancia": "Nombre de la instancia representativa o autoridad tradicional a la que pertenece",
    "cinstancia": "Cargo que ocupa en la instancia representativa o autoridad tradicional",
    "domicilio": "Domicilio",
    "tfijo": "Teléfono particular (fijo)",
    "tcelular": "Teléfono celular",
    "coficial": "Correo electrónico oficial",
    "cpersonal": "Correo electrónico no oficial (personal)",
    "fregistro": "Fecha de registro",
    "hregistro": "Hora de registro",
    "mregistro": "Modulo de registro",

    "btn1": "Registrar",
    "btn2": "Limpiar Formulario"
}